Implement;CollectionName;CollectionType;CollectionLimit;CollectionFolder;CollectionComment;RefreshSchedule;User;RuleType;RuleName;RuleQuery
A;SCCM Clients | All;Device;All Systems;Operational\ConfigMgr;All devices detected by SCCM;D7;;Query;;select SMS_R_SYSTEM.ResourceID,SMS_R_SYSTEM.ResourceType,SMS_R_SYSTEM.Name,SMS_R_SYSTEM.SMSUniqueIdentifier,SMS_R_SYSTEM.ResourceDomainORWorkgroup,SMS_R_SYSTEM.Client from SMS_R_System where SMS_R_System.Client = 1
A;SCCM Clients | No;Device;All Systems;Operational\ConfigMgr;All devices without SCCM client installed;D7;;Query;;select SMS_R_SYSTEM.ResourceID,SMS_R_SYSTEM.ResourceType,SMS_R_SYSTEM.Name,SMS_R_SYSTEM.SMSUniqueIdentifier,SMS_R_SYSTEM.ResourceDomainORWorkgroup,SMS_R_SYSTEM.Client from SMS_R_System where SMS_R_System.Client = 0 OR SMS_R_System.Client is NULL
A;SCCM Clients | Version 1511;Device;SCCM Clients | All;Operational\ConfigMgr;All systems with SCCM client version 1511 installed;D7;;Query;;select SMS_R_SYSTEM.ResourceID,SMS_R_SYSTEM.ResourceType,SMS_R_SYSTEM.Name,SMS_R_SYSTEM.SMSUniqueIdentifier,SMS_R_SYSTEM.ResourceDomainORWorkgroup,SMS_R_SYSTEM.Client from SMS_R_System where SMS_R_System.ClientVersion = '5.00.8325.1000'
A;SCCM Clients | Version 1602;Device;SCCM Clients | All;Operational\ConfigMgr;All systems with SCCM client version 1602 installed;D7;;Query;;select SMS_R_SYSTEM.ResourceID,SMS_R_SYSTEM.ResourceType,SMS_R_SYSTEM.Name,SMS_R_SYSTEM.SMSUniqueIdentifier,SMS_R_SYSTEM.ResourceDomainORWorkgroup,SMS_R_SYSTEM.Client from SMS_R_System where SMS_R_System.ClientVersion = '5.00.8355.1000'
A;SCCM Clients | Version 1606;Device;SCCM Clients | All;Operational\ConfigMgr;All systems with SCCM client version 1606 installed;D7;;Query;;select SMS_R_SYSTEM.ResourceID,SMS_R_SYSTEM.ResourceType,SMS_R_SYSTEM.Name,SMS_R_SYSTEM.SMSUniqueIdentifier,SMS_R_SYSTEM.ResourceDomainORWorkgroup,SMS_R_SYSTEM.Client from SMS_R_System where SMS_R_System.ClientVersion like '5.00.8412.100%'
A;SCCM Clients | Version 1610;Device;SCCM Clients | All;Operational\ConfigMgr;All systems with SCCM client version 1610 installed;D7;;Query;;select SMS_R_SYSTEM.ResourceID,SMS_R_SYSTEM.ResourceType,SMS_R_SYSTEM.Name,SMS_R_SYSTEM.SMSUniqueIdentifier,SMS_R_SYSTEM.ResourceDomainORWorkgroup,SMS_R_SYSTEM.Client from SMS_R_System where SMS_R_System.ClientVersion like '5.00.8458.100%'
A;SCCM Clients | Version 1702;Device;SCCM Clients | All;Operational\ConfigMgr;All systems with SCCM client version 1702 installed;D7;;Query;;select SMS_R_SYSTEM.ResourceID,SMS_R_SYSTEM.ResourceType,SMS_R_SYSTEM.Name,SMS_R_SYSTEM.SMSUniqueIdentifier,SMS_R_SYSTEM.ResourceDomainORWorkgroup,SMS_R_SYSTEM.Client from SMS_R_System where SMS_R_System.ClientVersion like '5.00.8498.100%'
A;SCCM Clients | Version 1706;Device;SCCM Clients | All;Operational\ConfigMgr;All systems with SCCM client version 1706 installed;D7;;Query;;select SMS_R_SYSTEM.ResourceID,SMS_R_SYSTEM.ResourceType,SMS_R_SYSTEM.Name,SMS_R_SYSTEM.SMSUniqueIdentifier,SMS_R_SYSTEM.ResourceDomainORWorkgroup,SMS_R_SYSTEM.Client from SMS_R_System where SMS_R_System.ClientVersion like '5.00.8540.100%'
A;SCCM Clients | Version 2012 R2 CU0;Device;SCCM Clients | All;Operational\ConfigMgr;All systems with SCCM client version 2012 R2 CU0 installed;D7;;Query;;select SMS_R_SYSTEM.ResourceID,SMS_R_SYSTEM.ResourceType,SMS_R_SYSTEM.Name,SMS_R_SYSTEM.SMSUniqueIdentifier,SMS_R_SYSTEM.ResourceDomainORWorkgroup,SMS_R_SYSTEM.Client from SMS_R_System where SMS_R_System.ClientVersion = '5.00.7958.1000'
A;SCCM Clients | Version 2012 R2 CU1;Device;SCCM Clients | All;Operational\ConfigMgr;All systems with SCCM client version 2012 R2 CU1 installed;D7;;Query;;select SMS_R_SYSTEM.ResourceID,SMS_R_SYSTEM.ResourceType,SMS_R_SYSTEM.Name,SMS_R_SYSTEM.SMSUniqueIdentifier,SMS_R_SYSTEM.ResourceDomainORWorkgroup,SMS_R_SYSTEM.Client from SMS_R_System where SMS_R_System.ClientVersion = '5.00.7958.1203'
A;SCCM Clients | Version 2012 R2 CU2;Device;SCCM Clients | All;Operational\ConfigMgr;All systems with SCCM client version 2012 R2 CU2 installed;D7;;Query;;select SMS_R_SYSTEM.ResourceID,SMS_R_SYSTEM.ResourceType,SMS_R_SYSTEM.Name,SMS_R_SYSTEM.SMSUniqueIdentifier,SMS_R_SYSTEM.ResourceDomainORWorkgroup,SMS_R_SYSTEM.Client from SMS_R_System where SMS_R_System.ClientVersion = '5.00.7958.1303'
A;SCCM Clients | Version 2012 R2 CU3;Device;SCCM Clients | All;Operational\ConfigMgr;All systems with SCCM client version 2012 R2 CU3 installed;D7;;Query;;select SMS_R_SYSTEM.ResourceID,SMS_R_SYSTEM.ResourceType,SMS_R_SYSTEM.Name,SMS_R_SYSTEM.SMSUniqueIdentifier,SMS_R_SYSTEM.ResourceDomainORWorkgroup,SMS_R_SYSTEM.Client from SMS_R_System where SMS_R_System.ClientVersion like '5.00.7958.14%'
A;SCCM Clients | Version 2012 R2 CU4;Device;SCCM Clients | All;Operational\ConfigMgr;All systems with SCCM client version 2012 R2 CU4 installed;D7;;Query;;select SMS_R_SYSTEM.ResourceID,SMS_R_SYSTEM.ResourceType,SMS_R_SYSTEM.Name,SMS_R_SYSTEM.SMSUniqueIdentifier,SMS_R_SYSTEM.ResourceDomainORWorkgroup,SMS_R_SYSTEM.Client from SMS_R_System where SMS_R_System.ClientVersion = '5.00.7958.1501'
A;SCCM Clients | Version 2012 R2 CU5;Device;SCCM Clients | All;Operational\ConfigMgr;All systems with SCCM client version 2012 R2 CU5 installed;D7;;Query;;select SMS_R_SYSTEM.ResourceID,SMS_R_SYSTEM.ResourceType,SMS_R_SYSTEM.Name,SMS_R_SYSTEM.SMSUniqueIdentifier,SMS_R_SYSTEM.ResourceDomainORWorkgroup,SMS_R_SYSTEM.Client from SMS_R_System where SMS_R_System.ClientVersion = '5.00.7958.1604'
A;SCCM Clients | Version 2012 R2 SP1;Device;SCCM Clients | All;Operational\ConfigMgr;All systems with SCCM client version 2012 R2 SP1 installed;D7;;Query;;select SMS_R_SYSTEM.ResourceID,SMS_R_SYSTEM.ResourceType,SMS_R_SYSTEM.Name,SMS_R_SYSTEM.SMSUniqueIdentifier,SMS_R_SYSTEM.ResourceDomainORWorkgroup,SMS_R_SYSTEM.Client from SMS_R_System where SMS_R_System.ClientVersion = '5.00.8239.1000'
A;SCCM Clients | Version 2012 R2 SP1 CU1;Device;SCCM Clients | All;Operational\ConfigMgr;All systems with SCCM client version 2012 R2 SP1 CU1 installed;D7;;Query;;select SMS_R_SYSTEM.ResourceID,SMS_R_SYSTEM.ResourceType,SMS_R_SYSTEM.Name,SMS_R_SYSTEM.SMSUniqueIdentifier,SMS_R_SYSTEM.ResourceDomainORWorkgroup,SMS_R_SYSTEM.Client from SMS_R_System where SMS_R_System.ClientVersion = '5.00.8239.1203'
A;SCCM Clients | Version 2012 R2 SP1 CU2;Device;SCCM Clients | All;Operational\ConfigMgr;All systems with SCCM client version 2012 R2 SP1 CU2 installed;D7;;Query;;select SMS_R_SYSTEM.ResourceID,SMS_R_SYSTEM.ResourceType,SMS_R_SYSTEM.Name,SMS_R_SYSTEM.SMSUniqueIdentifier,SMS_R_SYSTEM.ResourceDomainORWorkgroup,SMS_R_SYSTEM.Client from SMS_R_System where SMS_R_System.ClientVersion = '5.00.8239.1301'
A;SCCM Clients | Version 2012 R2 SP1 CU3;Device;SCCM Clients | All;Operational\ConfigMgr;All systems with SCCM client version 2012 R2 SP1 CU3 installed;D7;;Query;;select SMS_R_SYSTEM.ResourceID,SMS_R_SYSTEM.ResourceType,SMS_R_SYSTEM.Name,SMS_R_SYSTEM.SMSUniqueIdentifier,SMS_R_SYSTEM.ResourceDomainORWorkgroup,SMS_R_SYSTEM.Client from SMS_R_System where SMS_R_System.ClientVersion = '5.00.8239.1403'
A;SCCM Clients | Version Not Latest (1702);Device;SCCM Clients | All;Operational\ConfigMgr;All devices without SCCM client version 1702;D7;;Query;;select SMS_R_SYSTEM.ResourceID,SMS_R_SYSTEM.ResourceType,SMS_R_SYSTEM.Name,SMS_R_SYSTEM.SMSUniqueIdentifier,SMS_R_SYSTEM.ResourceDomainORWorkgroup,SMS_R_SYSTEM.Client from SMS_R_System where SMS_R_System.ClientVersion not like '5.00.8498.100%'
A;Hardware Inventory | Clients Not Reporting since 14 Days;Device;SCCM Clients | All;Operational\ConfigMgr;All devices with SCCM client that have not communicated with hardware inventory over 14 days;D7;;Query;;select SMS_R_SYSTEM.ResourceID,SMS_R_SYSTEM.ResourceType,SMS_R_SYSTEM.Name,SMS_R_SYSTEM.SMSUniqueIdentifier,SMS_R_SYSTEM.ResourceDomainORWorkgroup,SMS_R_SYSTEM.Client from SMS_R_System where ResourceId in (select SMS_R_System.ResourceID from SMS_R_System inner join SMS_G_System_WORKSTATION_STATUS on SMS_G_System_WORKSTATION_STATUS.ResourceID = SMS_R_System.ResourceId where DATEDIFF(dd,SMS_G_System_WORKSTATION_STATUS.LastHardwareScan,GetDate()) > 14)
A;System Health | Clients Active;Device;SCCM Clients | All;Operational\ConfigMgr;All devices with SCCM client state active;D7;;Query;;select SMS_R_SYSTEM.ResourceID,SMS_R_SYSTEM.ResourceType,SMS_R_SYSTEM.Name,SMS_R_SYSTEM.SMSUniqueIdentifier,SMS_R_SYSTEM.ResourceDomainORWorkgroup,SMS_R_SYSTEM.Client from SMS_R_System inner join SMS_G_System_CH_ClientSummary on SMS_G_System_CH_ClientSummary.ResourceId = SMS_R_System.ResourceId where SMS_G_System_CH_ClientSummary.ClientActiveStatus = 1 and SMS_R_System.Client = 1 and SMS_R_System.Obsolete = 0
A;System Health | Clients Inactive;Device;SCCM Clients | All;Operational\ConfigMgr;All devices with SCCM client state inactive;D7;;Query;;select SMS_R_SYSTEM.ResourceID,SMS_R_SYSTEM.ResourceType,SMS_R_SYSTEM.Name,SMS_R_SYSTEM.SMSUniqueIdentifier,SMS_R_SYSTEM.ResourceDomainORWorkgroup,SMS_R_SYSTEM.Client from SMS_R_System inner join SMS_G_System_CH_ClientSummary on SMS_G_System_CH_ClientSummary.ResourceId = SMS_R_System.ResourceId where SMS_G_System_CH_ClientSummary.ClientActiveStatus = 0 and SMS_R_System.Client = 1 and SMS_R_System.Obsolete = 0
A;System Health | Disabled;Device;All Systems;Operational\ConfigMgr;All systems with client state disabled;D7;;Query;;select SMS_R_SYSTEM.ResourceID,SMS_R_SYSTEM.ResourceType,SMS_R_SYSTEM.Name,SMS_R_SYSTEM.SMSUniqueIdentifier,SMS_R_SYSTEM.ResourceDomainORWorkgroup,SMS_R_SYSTEM.Client from SMS_R_System where SMS_R_System.UserAccountControl ='4098'
A;System Health | Obsolete;Device;All Systems;Operational\ConfigMgr;All devices with SCCM client state obsolete;D7;;Query;;select *  from  SMS_R_System where SMS_R_System.Obsolete = 1
A;Systems | All x64;Device;All Systems;Operational;All systems with 64-bit system type;D7;;Query;;select SMS_R_SYSTEM.ResourceID,SMS_R_SYSTEM.ResourceType,SMS_R_SYSTEM.Name,SMS_R_SYSTEM.SMSUniqueIdentifier,SMS_R_SYSTEM.ResourceDomainORWorkgroup,SMS_R_SYSTEM.Client from SMS_R_System inner join SMS_G_System_COMPUTER_SYSTEM on SMS_G_System_COMPUTER_SYSTEM.ResourceID = SMS_R_System.ResourceId where SMS_G_System_COMPUTER_SYSTEM.SystemType = 'X64-based PC'
A;Systems | All x86;Device;All Systems;Operational;All systems with 32-bit system type;D7;;Query;;select SMS_R_SYSTEM.ResourceID,SMS_R_SYSTEM.ResourceType,SMS_R_SYSTEM.Name,SMS_R_SYSTEM.SMSUniqueIdentifier,SMS_R_SYSTEM.ResourceDomainORWorkgroup,SMS_R_SYSTEM.Client from SMS_R_System inner join SMS_G_System_COMPUTER_SYSTEM on SMS_G_System_COMPUTER_SYSTEM.ResourceID = SMS_R_System.ResourceId where SMS_G_System_COMPUTER_SYSTEM.SystemType = 'X86-based PC'
A;Systems | Created Since 24h;Device;All Systems;Operational;All systems created in the last 24 hours;D7;;Query;;select SMS_R_System.Name, SMS_R_System.CreationDate FROM SMS_R_System WHERE DateDiff(dd,SMS_R_System.CreationDate, GetDate()) <= 1
A;Servers | All;Device;All Systems;Operational\Servers;All servers;D7;;Query;;select SMS_R_SYSTEM.ResourceID,SMS_R_SYSTEM.ResourceType,SMS_R_SYSTEM.Name,SMS_R_SYSTEM.SMSUniqueIdentifier,SMS_R_SYSTEM.ResourceDomainORWorkgroup,SMS_R_SYSTEM.Client from SMS_R_System where OperatingSystemNameandVersion like '%Server%'
A;Servers | Physical;Device;Servers | All;Operational\Servers;All physical servers;D7;;Query;;select SMS_R_SYSTEM.ResourceID,SMS_R_SYSTEM.ResourceType,SMS_R_SYSTEM.Name,SMS_R_SYSTEM.SMSUniqueIdentifier,SMS_R_SYSTEM.ResourceDomainORWorkgroup,SMS_R_SYSTEM.Client from SMS_R_System where SMS_R_System.ResourceId not in (select SMS_R_SYSTEM.ResourceID from SMS_R_System inner join SMS_G_System_COMPUTER_SYSTEM on SMS_G_System_COMPUTER_SYSTEM.ResourceId = SMS_R_System.ResourceId where SMS_R_System.IsVirtualMachine = 'True' or SMS_G_System_COMPUTER_SYSTEM.Model like '%VMware7,1%') and SMS_R_System.OperatingSystemNameandVersion like 'Microsoft Windows NT%Server%'
A;Servers | Virtual;Device;Servers | All;Operational\Servers;All virtual servers;D7;;Query;;select SMS_R_SYSTEM.ResourceID,SMS_R_SYSTEM.ResourceType,SMS_R_SYSTEM.Name,SMS_R_SYSTEM.SMSUniqueIdentifier,SMS_R_SYSTEM.ResourceDomainORWorkgroup,SMS_R_SYSTEM.Client from SMS_R_System  inner join SMS_G_System_COMPUTER_SYSTEM on SMS_G_System_COMPUTER_SYSTEM.ResourceId = SMS_R_System.ResourceId where (SMS_R_System.IsVirtualMachine = 'True' or SMS_G_System_COMPUTER_SYSTEM.Model like '%VMware7,1%') and SMS_R_System.OperatingSystemNameandVersion like 'Microsoft Windows NT%Server%'
A;Servers | All VMware VM;Device;Servers | All;Operational\Servers;All VM under VMware;D7;;Query;;select SMS_R_SYSTEM.ResourceID,SMS_R_SYSTEM.ResourceType,SMS_R_SYSTEM.Name,SMS_R_SYSTEM.SMSUniqueIdentifier,SMS_R_SYSTEM.ResourceDomainORWorkgroup,SMS_R_SYSTEM.Client from SMS_R_System inner join SMS_G_System_COMPUTER_SYSTEM on SMS_G_System_COMPUTER_SYSTEM.ResourceID = SMS_R_System.ResourceId where SMS_G_System_COMPUTER_SYSTEM.Manufacturer = 'VMware, Inc.'
A;Servers | All Hyper-V VM;Device;Servers | All;Operational\Servers;All VM under Hyper-V;D7;;Query;;select SMS_R_SYSTEM.ResourceID,SMS_R_SYSTEM.ResourceType,SMS_R_SYSTEM.Name,SMS_R_SYSTEM.SMSUniqueIdentifier,SMS_R_SYSTEM.ResourceDomainORWorkgroup,SMS_R_SYSTEM.Client from SMS_R_System inner join SMS_G_System_COMPUTER_SYSTEM on SMS_G_System_COMPUTER_SYSTEM.ResourceID = SMS_R_System.ResourceId where SMS_G_System_COMPUTER_SYSTEM.Manufacturer = 'Microsoft Corporation'
A;Servers | All HP;Device;Servers | All;Operational\Servers;All HP Servers;D7;;Query;;select SMS_R_SYSTEM.ResourceID,SMS_R_SYSTEM.ResourceType,SMS_R_SYSTEM.Name,SMS_R_SYSTEM.SMSUniqueIdentifier,SMS_R_SYSTEM.ResourceDomainORWorkgroup,SMS_R_SYSTEM.Client from SMS_R_System inner join SMS_G_System_COMPUTER_SYSTEM on SMS_G_System_COMPUTER_SYSTEM.ResourceId = SMS_R_System.ResourceId where SMS_G_System_COMPUTER_SYSTEM.Manufacturer like 'Hewlett-Packard%' or SMS_G_System_COMPUTER_SYSTEM.Manufacturer like 'HP%'
A;Servers | All Dell;Device;Servers | All;Operational\Servers;All Dell Servers;D7;;Query;;select SMS_R_SYSTEM.ResourceID,SMS_R_SYSTEM.ResourceType,SMS_R_SYSTEM.Name,SMS_R_SYSTEM.SMSUniqueIdentifier,SMS_R_SYSTEM.ResourceDomainORWorkgroup,SMS_R_SYSTEM.Client from SMS_R_System inner join SMS_G_System_COMPUTER_SYSTEM on SMS_G_System_COMPUTER_SYSTEM.ResourceId = SMS_R_System.ResourceId where SMS_G_System_COMPUTER_SYSTEM.Manufacturer like 'Dell%'
A;Servers | Windows 2003 and 2003 R2;Device;Servers | All;Operational\Servers;All servers with Windows 2003 or 2003 R2 operating system;D7;;Query;;select SMS_R_System.ResourceID,SMS_R_System.ResourceType,SMS_R_System.Name,SMS_R_System.SMSUniqueIdentifier,SMS_R_System.ResourceDomainORWorkgroup,SMS_R_System.Client from SMS_R_System where OperatingSystemNameandVersion like '%Server 5.2%'
A;Servers | Windows 2008;Device;Servers | All;Operational\Servers;All servers with Windows 2008 operating system;D7;;Query;;select SMS_R_System.ResourceID,SMS_R_System.ResourceType,SMS_R_System.Name,SMS_R_System.SMSUniqueIdentifier,SMS_R_System.ResourceDomainORWorkgroup,SMS_R_System.Client from SMS_R_System where OperatingSystemNameandVersion like '%Server 6.0%'
A;Servers | Windows 2008 R2;Device;Servers | All;Operational\Servers;All servers with Windows 2008 R2 operating system;D7;;Query;;select SMS_R_System.ResourceID,SMS_R_System.ResourceType,SMS_R_System.Name,SMS_R_System.SMSUniqueIdentifier,SMS_R_System.ResourceDomainORWorkgroup,SMS_R_System.Client from SMS_R_System where OperatingSystemNameandVersion like '%Server 6.1%'
A;Servers | Windows 2012;Device;Servers | All;Operational\Servers;All servers with Windows 2012 operating system;D7;;Query;;select SMS_R_System.ResourceID,SMS_R_System.ResourceType,SMS_R_System.Name,SMS_R_System.SMSUniqueIdentifier,SMS_R_System.ResourceDomainORWorkgroup,SMS_R_System.Client from SMS_R_System where OperatingSystemNameandVersion like '%Server 6.2%'
A;Servers | Windows 2012 R2;Device;Servers | All;Operational\Servers;All servers with Windows 2012 R2 operating system;D7;;Query;;select SMS_R_System.ResourceID,SMS_R_System.ResourceType,SMS_R_System.Name,SMS_R_System.SMSUniqueIdentifier,SMS_R_System.ResourceDomainORWorkgroup,SMS_R_System.Client from SMS_R_System where OperatingSystemNameandVersion like '%Server 6.3%'
A;Servers | Windows 2016;Device;Servers | All;Operational\Servers;All Servers with Windows 2016;D7;;Query;;select SMS_R_System.ResourceID,SMS_R_System.ResourceType,SMS_R_System.Name,SMS_R_System.SMSUniqueIdentifier,SMS_R_System.ResourceDomainORWorkgroup,SMS_R_System.Client from SMS_R_System where OperatingSystemNameandVersion like '%Server 10%'
A;Workstations | Active;Device;All Systems;Operational\Workstations;All workstations with active state;D7;;Query;;select SMS_R_SYSTEM.ResourceID,SMS_R_SYSTEM.ResourceType,SMS_R_SYSTEM.Name,SMS_R_SYSTEM.SMSUniqueIdentifier,SMS_R_SYSTEM.ResourceDomainORWorkgroup,SMS_R_SYSTEM.Client from SMS_R_System inner join SMS_G_System_CH_ClientSummary on SMS_G_System_CH_ClientSummary.ResourceId = SMS_R_System.ResourceId where (SMS_R_System.OperatingSystemNameandVersion like 'Microsoft Windows NT%Workstation%' or SMS_R_System.OperatingSystemNameandVersion = 'Windows7 Entreprise 6.1') and SMS_G_System_CH_ClientSummary.ClientActiveStatus = 1 and SMS_R_System.Client = 1 and SMS_R_System.Obsolete = 0
A;Workstations | All;Device;All Systems;Operational\Workstations;All workstations;D7;;Query;;select SMS_R_SYSTEM.ResourceID,SMS_R_SYSTEM.ResourceType,SMS_R_SYSTEM.Name,SMS_R_SYSTEM.SMSUniqueIdentifier,SMS_R_SYSTEM.ResourceDomainORWorkgroup,SMS_R_SYSTEM.Client from SMS_R_System where OperatingSystemNameandVersion like '%Workstation%'
A;Workstations | All Laptops;Device;All Systems;Operational\Workstations;All laptops;D7;;Query;;select SMS_R_System.ResourceId, SMS_R_System.ResourceType, SMS_R_System.Name, SMS_R_System.SMSUniqueIdentifier, SMS_R_System.ResourceDomainORWorkgroup, SMS_R_System.Client from  SMS_R_System inner join SMS_G_System_SYSTEM_ENCLOSURE on SMS_G_System_SYSTEM_ENCLOSURE.ResourceID = SMS_R_System.ResourceId where SMS_G_System_SYSTEM_ENCLOSURE.ChassisTypes in ('8', '9', '10', '11', '12', '14', '18', '21')
A;Workstations | All Dell Laptops;Device;Workstations | All Laptops;Operational\Workstations;All laptops with Dell manufacturer;D7;;Query;;select SMS_R_SYSTEM.ResourceID,SMS_R_SYSTEM.ResourceType,SMS_R_SYSTEM.Name,SMS_R_SYSTEM.SMSUniqueIdentifier,SMS_R_SYSTEM.ResourceDomainORWorkgroup,SMS_R_SYSTEM.Client from SMS_R_System inner join SMS_G_System_COMPUTER_SYSTEM on SMS_G_System_COMPUTER_SYSTEM.ResourceId = SMS_R_System.ResourceId where SMS_G_System_COMPUTER_SYSTEM.Manufacturer like '%Dell%'
A;Workstations | All HP Laptops;Device;Workstations | All Laptops;Operational\Workstations;All laptops with HP manufacturer;D7;;Query;;select SMS_R_SYSTEM.ResourceID,SMS_R_SYSTEM.ResourceType,SMS_R_SYSTEM.Name,SMS_R_SYSTEM.SMSUniqueIdentifier,SMS_R_SYSTEM.ResourceDomainORWorkgroup,SMS_R_SYSTEM.Client from SMS_R_System inner join SMS_G_System_COMPUTER_SYSTEM on SMS_G_System_COMPUTER_SYSTEM.ResourceId = SMS_R_System.ResourceId where SMS_G_System_COMPUTER_SYSTEM.Manufacturer like '%HP%' or SMS_G_System_COMPUTER_SYSTEM.Manufacturer like '%Hewlett-Packard%'
A;Workstations | All Lenovo Laptops;Device;Workstations | All Laptops;Operational\Workstations;All laptops with Lenovo manufacturer;D7;;Query;;select SMS_R_SYSTEM.ResourceID,SMS_R_SYSTEM.ResourceType,SMS_R_SYSTEM.Name,SMS_R_SYSTEM.SMSUniqueIdentifier,SMS_R_SYSTEM.ResourceDomainORWorkgroup,SMS_R_SYSTEM.Client from SMS_R_System inner join SMS_G_System_COMPUTER_SYSTEM on SMS_G_System_COMPUTER_SYSTEM.ResourceId = SMS_R_System.ResourceId where SMS_G_System_COMPUTER_SYSTEM.Manufacturer like '%Lenovo%'
A;Workstations | Windows XP;Device;Workstations | All;Operational\Workstations;All workstations with Windows XP operating system;D7;;Query;;select SMS_R_SYSTEM.ResourceID,SMS_R_SYSTEM.ResourceType,SMS_R_SYSTEM.Name,SMS_R_SYSTEM.SMSUniqueIdentifier,SMS_R_SYSTEM.ResourceDomainORWorkgroup,SMS_R_SYSTEM.Client from SMS_R_System   where OperatingSystemNameandVersion like '%Workstation 5.1%' or OperatingSystemNameandVersion like '%Workstation 5.2%'
A;Workstations | Windows 7;Device;Workstations | All;Operational\Workstations;All workstations with Windows 7 operating system;D7;;Query;;select SMS_R_System.ResourceID,SMS_R_System.ResourceType,SMS_R_System.Name,SMS_R_System.SMSUniqueIdentifier,SMS_R_System.ResourceDomainORWorkgroup,SMS_R_System.Client from SMS_R_System where OperatingSystemNameandVersion like '%Workstation 6.1%'
A;Workstations | Windows 8;Device;Workstations | All;Operational\Workstations;All workstations with Windows 8 operating system;D7;;Query;;select SMS_R_System.ResourceID,SMS_R_System.ResourceType,SMS_R_System.Name,SMS_R_System.SMSUniqueIdentifier,SMS_R_System.ResourceDomainORWorkgroup,SMS_R_System.Client from SMS_R_System where OperatingSystemNameandVersion like '%Workstation 6.2%'
A;Workstations | Windows 8.1;Device;Workstations | All;Operational\Workstations;All workstations with Windows 8.1 operating system;D7;;Query;;select SMS_R_System.ResourceID,SMS_R_System.ResourceType,SMS_R_System.Name,SMS_R_System.SMSUniqueIdentifier,SMS_R_System.ResourceDomainORWorkgroup,SMS_R_System.Client from SMS_R_System where OperatingSystemNameandVersion like '%Workstation 6.3%'
A;Workstations | Windows 10;Device;Workstations | All;Operational\Workstations;All workstations with Windows 10 operating system;D7;;Query;;select SMS_R_System.ResourceID,SMS_R_System.ResourceType,SMS_R_System.Name,SMS_R_System.SMSUniqueIdentifier,SMS_R_System.ResourceDomainORWorkgroup,SMS_R_System.Client from SMS_R_System where OperatingSystemNameandVersion like '%Workstation 10.0%'
A;Workstations | Windows 10 CB;Device;Workstations | All;Operational\Workstations;All workstations with Windows 10 CB;D7;;Query;;select SMS_R_SYSTEM.ResourceID,SMS_R_SYSTEM.ResourceType,SMS_R_SYSTEM.Name,SMS_R_SYSTEM.SMSUniqueIdentifier,SMS_R_SYSTEM.ResourceDomainORWorkgroup,SMS_R_SYSTEM.Client from SMS_R_System where SMS_R_System.OperatingSystemNameandVersion like '%Workstation 10.0%' and SMS_R_System.OSBranch = '0'
A;Workstations | Windows 10 CBB;Device;Workstations | All;Operational\Workstations;All workstations with Windows 10 CBB;D7;;Query;;select SMS_R_SYSTEM.ResourceID,SMS_R_SYSTEM.ResourceType,SMS_R_SYSTEM.Name,SMS_R_SYSTEM.SMSUniqueIdentifier,SMS_R_SYSTEM.ResourceDomainORWorkgroup,SMS_R_SYSTEM.Client from SMS_R_System where SMS_R_System.OperatingSystemNameandVersion like '%Workstation 10.0%' and SMS_R_System.OSBranch = '1'
A;Workstations | Windows 10 LTSB;Device;Workstations | All;Operational\Workstations;All workstations with Windows 10 LTSB;D7;;Query;;select SMS_R_SYSTEM.ResourceID,SMS_R_SYSTEM.ResourceType,SMS_R_SYSTEM.Name,SMS_R_SYSTEM.SMSUniqueIdentifier,SMS_R_SYSTEM.ResourceDomainORWorkgroup,SMS_R_SYSTEM.Client from SMS_R_System where SMS_R_System.OperatingSystemNameandVersion like '%Workstation 10.0%' and SMS_R_System.OSBranch = '2'
A;Workstations | Windows 10 Support State - Current;Device;Workstations | All;Operational\Workstations;Windows 10 Support State - Current;D7;;Query;;select SMS_R_SYSTEM.ResourceID,SMS_R_SYSTEM.ResourceType,SMS_R_SYSTEM.Name,SMS_R_SYSTEM.SMSUniqueIdentifier,SMS_R_SYSTEM.ResourceDomainORWorkgroup,SMS_R_SYSTEM.Client from SMS_R_System  LEFT OUTER JOIN SMS_WindowsServicingStates ON SMS_WindowsServicingStates.Build = SMS_R_System.build01 AND SMS_WindowsServicingStates.branch = SMS_R_System.osbranch01 where SMS_WindowsServicingStates.State = '2'
A;Workstations | Windows 10 Support State - Expired;Device;Workstations | All;Operational\Workstations;Windows 10 Support State - Expired;D7;;Query;;select SMS_R_SYSTEM.ResourceID,SMS_R_SYSTEM.ResourceType,SMS_R_SYSTEM.Name,SMS_R_SYSTEM.SMSUniqueIdentifier,SMS_R_SYSTEM.ResourceDomainORWorkgroup,SMS_R_SYSTEM.Client from SMS_R_System  LEFT OUTER JOIN SMS_WindowsServicingStates ON SMS_WindowsServicingStates.Build = SMS_R_System.build01 AND SMS_WindowsServicingStates.branch = SMS_R_System.osbranch01 where SMS_WindowsServicingStates.State = '4'
A;Workstations | Windows 10 Support State - Expired Soon;Device;Workstations | All;Operational\Workstations;Windows 10 Support State - Expired Soon;D7;;Query;;select SMS_R_SYSTEM.ResourceID,SMS_R_SYSTEM.ResourceType,SMS_R_SYSTEM.Name,SMS_R_SYSTEM.SMSUniqueIdentifier,SMS_R_SYSTEM.ResourceDomainORWorkgroup,SMS_R_SYSTEM.Client from SMS_R_System  LEFT OUTER JOIN SMS_WindowsServicingStates ON SMS_WindowsServicingStates.Build = SMS_R_System.build01 AND SMS_WindowsServicingStates.branch = SMS_R_System.osbranch01 where SMS_WindowsServicingStates.State = '3'
A;Workstations | Windows 10 v1507;Device;Workstations | All;Operational\Workstations;All workstations with Windows 10 operating system v1507;D7;;Query;;select SMS_R_SYSTEM.ResourceID,SMS_R_SYSTEM.ResourceType,SMS_R_SYSTEM.Name,SMS_R_SYSTEM.SMSUniqueIdentifier,SMS_R_SYSTEM.ResourceDomainORWorkgroup,SMS_R_SYSTEM.Client from SMS_R_System where SMS_R_System.Build like '10.0.10240%'
A;Workstations | Windows 10 v1511;Device;Workstations | All;Operational\Workstations;All workstations with Windows 10 operating system v1511;D7;;Query;;select SMS_R_SYSTEM.ResourceID,SMS_R_SYSTEM.ResourceType,SMS_R_SYSTEM.Name,SMS_R_SYSTEM.SMSUniqueIdentifier,SMS_R_SYSTEM.ResourceDomainORWorkgroup,SMS_R_SYSTEM.Client from SMS_R_System where SMS_R_System.Build like '10.0.10586%'
A;Workstations | Windows 10 v1607;Device;Workstations | All;Operational\Workstations;All workstations with Windows 10 operating system v1607;D7;;Query;;select SMS_R_SYSTEM.ResourceID,SMS_R_SYSTEM.ResourceType,SMS_R_SYSTEM.Name,SMS_R_SYSTEM.SMSUniqueIdentifier,SMS_R_SYSTEM.ResourceDomainORWorkgroup,SMS_R_SYSTEM.Client from SMS_R_System where SMS_R_System.Build like '10.0.14393%'
A;Workstations | Windows 10 v1703;Device;Workstations | All;Operational\Workstations;All workstations with Windows 10 operating system v1703;D7;;Query;;select SMS_R_SYSTEM.ResourceID,SMS_R_SYSTEM.ResourceType,SMS_R_SYSTEM.Name,SMS_R_SYSTEM.SMSUniqueIdentifier,SMS_R_SYSTEM.ResourceDomainORWorkgroup,SMS_R_SYSTEM.Client from SMS_R_System where SMS_R_System.Build like '10.0.15063%'
A;Windows Update Agent | Outdated Version Win7 RTM and Lower;Device;Workstations | All;Operational;All systems with windows update agent with outdated version Win7 RTM and lower;D7;;Query;;select SMS_R_SYSTEM.ResourceID,SMS_R_SYSTEM.ResourceType,SMS_R_SYSTEM.Name,SMS_R_SYSTEM.SMSUniqueIdentifier,SMS_R_SYSTEM.ResourceDomainORWorkgroup,SMS_R_SYSTEM.Client from SMS_R_System inner join SMS_G_System_WINDOWSUPDATEAGENTVERSION on SMS_G_System_WINDOWSUPDATEAGENTVERSION.ResourceID = SMS_R_System.ResourceId inner join SMS_G_System_OPERATING_SYSTEM on SMS_G_System_OPERATING_SYSTEM.ResourceID = SMS_R_System.ResourceId where SMS_G_System_WINDOWSUPDATEAGENTVERSION.Version < '7.6.7600.256' and SMS_G_System_OPERATING_SYSTEM.Version <= '6.1.7600'
A;Windows Update Agent | Outdated Version Win7 SP1 and Higher;Device;Workstations | All;Operational;All systems with windows update agent with outdated version Win7 SP1 and higher;D7;;Query;;select SMS_R_SYSTEM.ResourceID,SMS_R_SYSTEM.ResourceType,SMS_R_SYSTEM.Name,SMS_R_SYSTEM.SMSUniqueIdentifier,SMS_R_SYSTEM.ResourceDomainORWorkgroup,SMS_R_SYSTEM.Client from SMS_R_System inner join SMS_G_System_WINDOWSUPDATEAGENTVERSION on SMS_G_System_WINDOWSUPDATEAGENTVERSION.ResourceID = SMS_R_System.ResourceId inner join SMS_G_System_OPERATING_SYSTEM on SMS_G_System_OPERATING_SYSTEM.ResourceID = SMS_R_System.ResourceId where SMS_G_System_WINDOWSUPDATEAGENTVERSION.Version < '7.6.7600.320' and SMS_G_System_OPERATING_SYSTEM.Version >= '6.1.7601'
A;Mobile Devices | All;Device;All Systems;Operational\Mobiles;All Mobile Devices;D7;;Query;;select * from SMS_R_System where SMS_R_System.ClientType = 3
A;Mobile Devices | Android;Device;All Systems;Operational\Mobiles;All Android mobile devices;D7;;Query;;SELECT SMS_R_System.ResourceId, SMS_R_System.ResourceType, SMS_R_System.Name, SMS_R_System.SMSUniqueIdentifier, SMS_R_System.ResourceDomainORWorkgroup, SMS_R_System.Client FROM SMS_R_System INNER JOIN SMS_G_System_DEVICE_OSINFORMATION ON SMS_G_System_DEVICE_OSINFORMATION.ResourceID = SMS_R_System.ResourceId WHERE SMS_G_System_DEVICE_OSINFORMATION.Platform like 'Android%'
A;Mobile Devices | iPad;Device;All Systems;Operational\Mobiles;All iPad mobile devices;D7;;Query;;select SMS_R_SYSTEM.ResourceID,SMS_R_SYSTEM.ResourceType,SMS_R_SYSTEM.Name,SMS_R_SYSTEM.SMSUniqueIdentifier,SMS_R_SYSTEM.ResourceDomainORWorkgroup,SMS_R_SYSTEM.Client from SMS_R_System inner join SMS_G_System_DEVICE_COMPUTERSYSTEM on SMS_G_System_DEVICE_COMPUTERSYSTEM.ResourceId = SMS_R_System.ResourceId where SMS_G_System_DEVICE_COMPUTERSYSTEM.DeviceModel like '%Ipad%'
A;Mobile Devices | iPhone;Device;All Systems;Operational\Mobiles;All iPhone mobile devices;D7;;Query;;select SMS_R_SYSTEM.ResourceID,SMS_R_SYSTEM.ResourceType,SMS_R_SYSTEM.Name,SMS_R_SYSTEM.SMSUniqueIdentifier,SMS_R_SYSTEM.ResourceDomainORWorkgroup,SMS_R_SYSTEM.Client from SMS_R_System inner join SMS_G_System_DEVICE_COMPUTERSYSTEM on SMS_G_System_DEVICE_COMPUTERSYSTEM.ResourceId = SMS_R_System.ResourceId where SMS_G_System_DEVICE_COMPUTERSYSTEM.DeviceModel like '%Iphone%'
A;Mobile Devices | Microsoft Surface;Device;All Systems;Operational\Mobiles;All Windows RT mobile devices;D7;;Query;;select SMS_R_System.ResourceId, SMS_R_System.ResourceType, SMS_R_System.Name, SMS_R_System.SMSUniqueIdentifier, SMS_R_System.ResourceDomainORWorkgroup, SMS_R_System.Client from SMS_R_System inner join SMS_G_System_COMPUTER_SYSTEM on SMS_G_System_COMPUTER_SYSTEM.ResourceId = SMS_R_System.ResourceId where SMS_G_System_COMPUTER_SYSTEM.Model like '%Surface%'
A;Mobile Devices | Microsoft Surface 3;Device;All Systems;Operational\Mobiles;All Microsoft Surface 3;D7;;Query;;select SMS_R_System.ResourceId, SMS_R_System.ResourceType, SMS_R_System.Name, SMS_R_System.SMSUniqueIdentifier, SMS_R_System.ResourceDomainORWorkgroup, SMS_R_System.Client from SMS_R_System inner join SMS_G_System_COMPUTER_SYSTEM on SMS_G_System_COMPUTER_SYSTEM.ResourceId = SMS_R_System.ResourceId where SMS_G_System_COMPUTER_SYSTEM.Model = 'Surface Pro 3' OR SMS_G_System_COMPUTER_SYSTEM.Model = 'Surface 3'
A;Mobile Devices | Microsoft Surface 4;Device;All Systems;Operational\Mobiles;All Microsoft Surface 4;D7;;Query;;select SMS_R_System.ResourceId, SMS_R_System.ResourceType, SMS_R_System.Name, SMS_R_System.SMSUniqueIdentifier, SMS_R_System.ResourceDomainORWorkgroup, SMS_R_System.Client from SMS_R_System inner join SMS_G_System_COMPUTER_SYSTEM on SMS_G_System_COMPUTER_SYSTEM.ResourceId = SMS_R_System.ResourceId where SMS_G_System_COMPUTER_SYSTEM.Model = 'Surface Pro 4'
A;Mobile Devices | Windows Phone 10;Device;All Systems;Operational\Mobiles;All Windows Phone 10;D7;;Query;;select SMS_R_System.ResourceId, SMS_R_System.ResourceType, SMS_R_System.Name, SMS_R_System.SMSUniqueIdentifier, SMS_R_System.ResourceDomainORWorkgroup, SMS_R_System.Client from SMS_R_System inner join SMS_G_System_DEVICE_OSINFORMATION on SMS_G_System_DEVICE_OSINFORMATION.ResourceID = SMS_R_System.ResourceId where SMS_G_System_DEVICE_OSINFORMATION.Platform = 'Windows Phone' and SMS_G_System_DEVICE_OSINFORMATION.Version like '10%'
A;Mobile Devices | Windows Phone 8;Device;All Systems;Operational\Mobiles;All Windows 8 mobile devices;D7;;Query;;select SMS_R_System.ResourceId, SMS_R_System.ResourceType, SMS_R_System.Name, SMS_R_System.SMSUniqueIdentifier, SMS_R_System.ResourceDomainORWorkgroup, SMS_R_System.Client from SMS_R_System inner join SMS_G_System_DEVICE_OSINFORMATION on SMS_G_System_DEVICE_OSINFORMATION.ResourceID = SMS_R_System.ResourceId where SMS_G_System_DEVICE_OSINFORMATION.Platform = 'Windows Phone' and SMS_G_System_DEVICE_OSINFORMATION.Version like '8.0%'
A;Mobile Devices | Windows Phone 8.1;Device;All Systems;Operational\Mobiles;All Windows 8.1 mobile devices;D7;;Query;;select SMS_R_System.ResourceId, SMS_R_System.ResourceType, SMS_R_System.Name, SMS_R_System.SMSUniqueIdentifier, SMS_R_System.ResourceDomainORWorkgroup, SMS_R_System.Client from SMS_R_System inner join SMS_G_System_DEVICE_OSINFORMATION on SMS_G_System_DEVICE_OSINFORMATION.ResourceID = SMS_R_System.ResourceId where SMS_G_System_DEVICE_OSINFORMATION.Platform = 'Windows Phone' and SMS_G_System_DEVICE_OSINFORMATION.Version like '8.1%'
A;SCCM Infra | Console;Device;All Systems;Operational\ConfigMgr;All systems with SCCM console installed;D7;;Query;;select SMS_R_SYSTEM.ResourceID,SMS_R_SYSTEM.ResourceType,SMS_R_SYSTEM.Name,SMS_R_SYSTEM.SMSUniqueIdentifier,SMS_R_SYSTEM.ResourceDomainORWorkgroup,SMS_R_SYSTEM.Client from SMS_R_System inner join SMS_G_System_ADD_REMOVE_PROGRAMS on SMS_G_System_ADD_REMOVE_PROGRAMS.ResourceID = SMS_R_System.ResourceId where SMS_G_System_ADD_REMOVE_PROGRAMS.DisplayName like '%Configuration Manager Console%'
A;SCCM Infra | Distribution Points;Device;Servers | All;Operational\ConfigMgr;All systems that is SCCM distribution point;D7;;Query;;select SMS_R_System.ResourceId, SMS_R_System.ResourceType, SMS_R_System.Name, SMS_R_System.SMSUniqueIdentifier, SMS_R_System.ResourceDomainORWorkgroup, SMS_R_System.Client from  SMS_R_System where SMS_R_System.SystemRoles = 'SMS Distribution Point'
A;SCCM Infra | Site Servers;Device;Servers | All;Operational\ConfigMgr;All systems that is SCCM site server;D7;;Query;;select SMS_R_System.ResourceId, SMS_R_System.ResourceType, SMS_R_System.Name, SMS_R_System.SMSUniqueIdentifier, SMS_R_System.ResourceDomainORWorkgroup, SMS_R_System.Client from  SMS_R_System where SMS_R_System.SystemRoles = 'SMS Site Server'
A;SCCM Infra | Site System;Device;Servers | All;Operational\ConfigMgr;All systems that is SCCM site system;D7;;Query;;select SMS_R_System.ResourceId, SMS_R_System.ResourceType, SMS_R_System.Name, SMS_R_System.SMSUniqueIdentifier, SMS_R_System.ResourceDomainORWorkgroup, SMS_R_System.Client from  SMS_R_System where SMS_R_System.SystemRoles = 'SMS Site System'
A;Others | Linux Devices;Device;All Systems;Operational\Workstations;All systems with Linux;D7;;Query;;select *  from  SMS_R_System where SMS_R_System.ClientEdition = 13
A;Others | MAC OSX Devices;Device;All Systems;Operational\Workstations;All workstations with MAC OSX;D7;;Query;;select SMS_R_SYSTEM.ResourceID,SMS_R_SYSTEM.ResourceType,SMS_R_SYSTEM.Name,SMS_R_SYSTEM.SMSUniqueIdentifier,SMS_R_SYSTEM.ResourceDomainORWorkgroup,SMS_R_SYSTEM.Client from SMS_R_System WHERE OperatingSystemNameandVersion LIKE 'Apple Mac OS X%'
